{"cameraMode":{"drawMode":0,"name":"Shaded","section":"Shading Mode"},"sceneLighting":true,"audioPlay":false,"sceneViewState":{"m_AlwaysRefresh":false,"showFog":true,"showSkybox":true,"showFlares":true,"showImageEffects":true,"showParticleSystems":true,"showVisualEffectGraphs":true,"m_FxEnabled":true},"in2DMode":false,"pivot":{"x":50.77757263183594,"y":28.347381591796876,"z":-81.43230438232422},"rotation":{"x":0.20563426613807679,"y":0.04255324974656105,"z":-0.008950620889663697,"w":0.977667510509491},"size":10.957185745239258,"orthographic":false}