{"cameraMode":{"drawMode":0,"name":"Shaded","section":"Shading Mode"},"sceneLighting":true,"audioPlay":false,"sceneViewState":{"m_AlwaysRefresh":false,"showFog":true,"showSkybox":true,"showFlares":true,"showImageEffects":true,"showParticleSystems":true,"showVisualEffectGraphs":true,"m_FxEnabled":true},"in2DMode":false,"pivot":{"x":-7.089094161987305,"y":3.552539348602295,"z":14.12197208404541},"rotation":{"x":0.0252339169383049,"y":-0.21100305020809174,"z":0.0037838711868971588,"w":0.9771523475646973},"size":9.217663764953614,"orthographic":false}