{"cameraMode":{"drawMode":0,"name":"Shaded","section":"Shading Mode"},"sceneLighting":false,"audioPlay":false,"sceneViewState":{"m_AlwaysRefresh":false,"showFog":true,"showSkybox":false,"showFlares":true,"showImageEffects":true,"showParticleSystems":true,"showVisualEffectGraphs":true,"m_FxEnabled":true},"in2DMode":false,"pivot":{"x":-0.00003790855407714844,"y":0.49439799785614016,"z":2.247774124145508},"rotation":{"x":-0.169521301984787,"y":0.7601100206375122,"z":-0.21923938393592835,"w":-0.587734580039978},"size":1.3924946784973145,"orthographic":false}